{"SOAYGytJZL5cgGNdAiuhqg==":"background.jpg","RJflLzBdByem5yWJqInsqQ==":"logo.png","jhVIh0cU+j6lTL03ZU6OeA==":"background2.jpeg","6q6eevW/RWII638lukNfbw==":"caine1.jpg","DahkP9Dvihe8tHWkWc2dwA==":"galerie1.jpg","1f1+UUt4fKK/FkPqS6A/2Q==":"galerie2.jpg","QrQH77oRTu24EOzua+35YQ==":"galerie5.jpg","tm/ijMk4W8azaZ/mpIZoug==":"galerie3.jpg","lSuhKnQRbW4OgW8zhYBBdQ==":"galerie4.jpg","C7ssq/zAjP6bhpmDrheBhw==":"galerie6-.jpg","7DlBzFduuttuDSIoj/c+Hw==":"galerie7.jpg","Pa8TLDfkrOBaknrQNd0vxw==":"galerie8.jpg","T9G9KXXqGDU+QGex0vhXow==":"barbat1.jpg","kuGmC/UvleCBfwJMpjqirQ==":"femeie2.jpg","xfkrYBOiH2pt0AyY8j1rqg==":"femeie1.jpg","mTmuLNq3aQ7XILd60R2nJw==":"barbat2.jpg","ypWwbvkQE0O9747/NUwi2Q==":"galerie8.jpeg","t8K4ZIQjWJNujI1KCBefTQ==":"galerie9.jpg","3bDyeOVaPYroirTPJO4YAQ==":"pose4.png","BA8GFMuramafxob0Y2nptw==":"zen2.jpg","gbMJoq21iskiQ5/YjMBhAg==":"zen3.jpg","0ardqpPb3zYMTNVNA8R+6A==":"zen1.jpg","bLwaUh9rKKirCCCxxpsOUg==":"caine2.jpg","HDWB/xuUhuH3S/HLvyO8Qg==":"carusel1.jpg","evCYtFtSLNGq7Uzdp4gLFg==":"carusel2.jpg","zdqxijVaatcx+NwshB3B0w==":"carusel3.jpg","gSHD7VofNBzDI5fCmrsltQ==":"carusel4.jpg","wVUQzABS2ndeM6l/5w9NCQ==":"carusel5.jpg"}